<web-app xmlns="http://caucho.com/ns/resin" xmlns:resin="urn:java:com.caucho.resin">
    <character-encoding>UTF-8</character-encoding>

    <log-handler name="" class="jp.co.intra_mart.common.platform.log.handler.JDKLoggingOverIntramartLoggerHandler"/>
    <logger name="debug.com.sun.portal" level="warning" />

	<!-- im_service(im_asynchronous) -->
	<resource jndi-name="jca/work" type="jp.co.intra_mart.system.asynchronous.impl.executor.work.resin.ResinResourceAdapter" />
	<jsp>
		<recycle-tags>false</recycle-tags>
	</jsp>
	<database jndi-name="jdbc/default">
		<driver>
			<type>org.postgresql.Driver</type>
			<url>jdbc:postgresql://localhost:5432/iap_db</url>
			<user>imart</user>
			<password>imart</password>
			<init-param>
				<param-name>preparedStatementCacheQueries</param-name>
				<param-value>0</param-value>
			</init-param>
		</driver>
		<max-connections>20</max-connections>
		<prepared-statement-cache-size>0</prepared-statement-cache-size>
	</database>
	<session-config>
	    <reuse-session-id>false</reuse-session-id>
		<session-timeout>30</session-timeout>
	</session-config>

	<mime-mapping extension=".json" mime-type="application/json"/>
</web-app>